{"assets": ["ASSET0", "ASSET1", "ASSET2"], "exp_prices": [132.0, 523.6, 393.8], "variances": [[146.32932544028185, 2716.5409375835507, 215.4937533935729], [2716.5409375835507, 69.08656447683445, 3765.9398444533854], [215.4937533935729, 3765.9398444533854, 117.17516483923379]]}